<application>
  <component name="RemoteServers">
    <remote-server name="Docker" type="docker">
      <configuration>
        <option name="apiUrl" value="npipe:////./pipe/docker_engine" />
        <option name="certificatesPath" />
      </configuration>
    </remote-server>
    <remote-server name="Docker2" type="docker">
      <configuration>
        <option name="apiUrl" value="npipe:////./pipe/docker_engine" />
        <option name="certificatesPath" />
      </configuration>
    </remote-server>
  </component>
</application>