<application>
  <component name="Trusted.Paths">
    <option name="TRUSTED_PROJECT_PATHS">
      <map>
        <entry key="C:\Users\faxiz\AppData\Local\Temp\Types.java" value="true" />
        <entry key="C:\Users\faxiz\AppData\Roaming\JetBrains\IntelliJIdea2024.1\light-edit" value="true" />
        <entry key="C:\Users\faxiz\Downloads" value="true" />
        <entry key="C:\Users\faxiz\OneDrive\Bureau\HEIG-VD\HES_ETE\PDG\_git\BookQuest\backend\flaskProject_Pipeline" value="true" />
        <entry key="C:\Users\faxiz\OneDrive\Bureau\HEIG-VD\HES_ETE\PDG\_git\PipelineTest\flaskProject_Pipeline" value="true" />
        <entry key="C:\Users\faxiz\OneDrive\Bureau\HEIG-VD\Semestre3\POO\Exercices\Chat\Chat" value="true" />
        <entry key="C:\Users\faxiz\OneDrive\Bureau\HEIG-VD\Semestre3\POO\Exercices\Poulailler\Poulailler" value="true" />
        <entry key="C:\Users\faxiz\OneDrive\Bureau\HEIG-VD\Semestre3\POO\Exercices\StarWars\StarWars" value="true" />
        <entry key="C:\Users\faxiz\OneDrive\Bureau\HEIG-VD\Semestre3\POO\Exercices\Voiture" value="true" />
        <entry key="C:\Users\faxiz\OneDrive\Bureau\HEIG-VD\Semestre3\POO\Exercices\ex2-voitures-main" value="true" />
        <entry key="C:\Users\faxiz\OneDrive\Bureau\HEIG-VD\Semestre3\POO\Labo\Laboratoire1\WSI_Laboratoire1_InitiationJava" value="true" />
        <entry key="C:\Users\faxiz\OneDrive\Bureau\HEIG-VD\Semestre3\POO\Labo\Laboratoire4\POO2022-L4-Types-primitifs-et-classes" value="true" />
        <entry key="C:\Users\faxiz\OneDrive\Bureau\HEIG-VD\Semestre3\POO\Labo\Laboratoire5\POO2022-L5-Matrices" value="true" />
        <entry key="C:\Users\faxiz\OneDrive\Bureau\HEIG-VD\Semestre3\POO\Labo\Laboratoire5\WSI_OBE_POO2022-L5-Matrices" value="true" />
        <entry key="C:\Users\faxiz\OneDrive\Bureau\HEIG-VD\Semestre3\POO\Labo\Laboratoire6\WSI_POO2022-L6-Ecole" value="true" />
        <entry key="C:\Users\faxiz\OneDrive\Bureau\HEIG-VD\Semestre3\POO\Labo\Laboratoire7\WSI_OBE_POO2022-L7-Hanoi" value="true" />
        <entry key="C:\Users\faxiz\OneDrive\Bureau\HEIG-VD\Semestre3\POO\Labo\Laboratoire8\WSI_OBE_POO2022-L8-Chess" value="true" />
        <entry key="C:\Users\faxiz\OneDrive\Bureau\HEIG-VD\Semestre3\POO\Labo\Laboratoire9\WSI_POO2022-L9-Disques" value="true" />
        <entry key="C:\Users\faxiz\OneDrive\Bureau\HEIG-VD\Semestre3\POO\TE2\WSI_TE2_POO_22-23" value="true" />
        <entry key="C:\Users\faxiz\OneDrive\Bureau\HEIG-VD\Semestre3\POO\tets" value="true" />
        <entry key="C:\Users\faxiz\OneDrive\Bureau\HEIG-VD\Semestre3\POO\untitled" value="true" />
        <entry key="C:\Users\faxiz\OneDrive\Bureau\HEIG-VD\Semestre4\GRE\Laboratoires\Laboratoire1\WSI_OBE_GRE_Laboratoire1_Labyrinthe" value="true" />
        <entry key="C:\Users\faxiz\OneDrive\Bureau\HEIG-VD\Semestre4\GRE\Laboratoires\Laboratoire2\WSI_GRE_Laboratoire2" value="true" />
        <entry key="C:\Users\faxiz\OneDrive\Bureau\HEIG-VD\Semestre4\GRE\Laboratoires\Laboratoire3" value="true" />
        <entry key="C:\Users\faxiz\OneDrive\Bureau\HEIG-VD\Semestre4\GRE\Laboratoires\Laboratoire3\WSI_OBE_GRE_Laboratoire2_UnionFind_Kruskal" value="true" />
        <entry key="C:\Users\faxiz\OneDrive\Bureau\HEIG-VD\Semestre4\PDL\Exercices\ImplemntationVisitor\untitled" value="true" />
        <entry key="C:\Users\faxiz\OneDrive\Bureau\HEIG-VD\Semestre4\PDL\Laboratoires\Labo7\refactoring-tacticiens-du-gendarme" value="true" />
        <entry key="C:\Users\faxiz\OneDrive\Bureau\HEIG-VD\Semestre5\DAI\Cours\Pratical Content\04_Java-intellij-idea-and-maven" value="true" />
        <entry key="C:\Users\faxiz\OneDrive\Bureau\HEIG-VD\Semestre5\DAI\Cours\Pratical Content\05_Java-Ios\WSI_PraticalContent_JavaIOS" value="true" />
        <entry key="C:\Users\faxiz\OneDrive\Bureau\HEIG-VD\Semestre5\DAI\Cours\Pratical Content\05_Java-Ios\heig-vd-dai-course-code-examples\05-java-ios" value="true" />
        <entry key="C:\Users\faxiz\OneDrive\Bureau\HEIG-VD\Semestre5\DAI\Cours\Pratical Content\13_Java-tcp-programming\WSI_PraticalContent_Tcp_programming" value="true" />
        <entry key="C:\Users\faxiz\OneDrive\Bureau\HEIG-VD\Semestre5\DAI\Cours\Pratical Content\17_Java-udp-programming\WSI_PraticalContent_UDP" value="true" />
        <entry key="C:\Users\faxiz\OneDrive\Bureau\HEIG-VD\Semestre5\DAI\Cours\Pratical Content\21_http_and_curl\untitled" value="true" />
        <entry key="C:\Users\faxiz\OneDrive\Bureau\HEIG-VD\Semestre5\DAI\Cours\heig-vd-dai-course-code-examples\heig-vd-dai-course-code-examples\11-smtp-and-telnet" value="true" />
        <entry key="C:\Users\faxiz\OneDrive\Bureau\HEIG-VD\Semestre5\DAI\Laboratoires\Laboratoire1\Java-intellij-idea-and-maven" value="true" />
        <entry key="C:\Users\faxiz\OneDrive\Bureau\HEIG-VD\Semestre5\DAI\Laboratoires\Laboratoire1\WSI_DAI_Pratical_Work_1\WSI_DAI_Pratical_Work_1" value="true" />
        <entry key="C:\Users\faxiz\OneDrive\Bureau\HEIG-VD\Semestre5\DAI\Laboratoires\Laboratoire2\Pongly" value="true" />
        <entry key="C:\Users\faxiz\OneDrive\Bureau\HEIG-VD\Semestre5\DAI\Laboratoires\Laboratoire3\Saloon" value="true" />
        <entry key="C:\Users\faxiz\OneDrive\Bureau\HEIG-VD\Semestre5\DAI\Laboratoires\Laboratoire3\The_Saloon" value="true" />
        <entry key="C:\Users\faxiz\OneDrive\Bureau\HEIG-VD\Semestre5\DAI\Laboratoires\Laboratoire3\The_Saloon\The_Saloon" value="true" />
        <entry key="C:\Users\faxiz\OneDrive\Bureau\HEIG-VD\Semestre5\DAI\Laboratoires\Laboratoire4\GreenMix" value="true" />
        <entry key="C:\Users\faxiz\OneDrive\Bureau\HEIG-VD\Semestre5\SIO\Laboratoire\Laboratoire1\WSI_SIO_Laboratoire1_Heuristiques" value="true" />
        <entry key="C:\Users\faxiz\OneDrive\Bureau\HEIG-VD\Semestre5\SIO\Laboratoire\Laboratoire2\WSI_SIO_Laboratoire2_Heuristiques_2OPT" value="true" />
        <entry key="C:\Users\faxiz\OneDrive\Bureau\HEIG-VD\Semestre6\CLD\Laboratoire\cld-gae" value="true" />
        <entry key="C:\Users\faxiz\OneDrive\Bureau\HEIG-VD\Semestre6\MAC\Laboratoire\Labo 01 - Basic Request\WSI_JST_MAC-L1-BasicRequest" value="true" />
        <entry key="C:\Users\faxiz\OneDrive\Bureau\HEIG-VD\Semestre6\MAC\Laboratoire\Labo 01 - Basic Request\WSI_JST_MAC_L1\WSI_JST_MAC-L1-BasicRequest" value="true" />
        <entry key="C:\Users\faxiz\OneDrive\Bureau\HEIG-VD\Semestre6\MAC\Laboratoire\Labo 02 - Neo4j" value="true" />
        <entry key="C:\Users\faxiz\OneDrive\Bureau\HEIG-VD\Semestre6\MAC\Laboratoire\Labo 02 - Neo4j\WSI_JST_MAC_L2\java" value="true" />
        <entry key="C:\Users\faxiz\OneDrive\Bureau\HEIG-VD\Semestre6\MCR\Laboratoire\Labo1_Observateur\WSI_JST_Laboratoire1_Observateur" value="true" />
        <entry key="C:\Users\faxiz\OneDrive\Bureau\HEIG-VD\Semestre6\MCR\Laboratoire\Labo2_Singleton\WSI_JST_MCR_L2\WSI_JST_MCR_L2" value="true" />
        <entry key="C:\Users\faxiz\OneDrive\Bureau\HEIG-VD\Semestre6\MCR\PrepTE\MCR_PDO_1112_TE1" value="true" />
        <entry key="C:\Users\faxiz\OneDrive\Bureau\HEIG-VD\Semestre6\MCR\PrepTE\MCR_PDO_1415_TE1" value="true" />
        <entry key="C:\Users\faxiz\OneDrive\Bureau\HEIG-VD\Semestre6\MCR\PrepTE\MCR_PDO_1920_TE1" value="true" />
        <entry key="C:\Users\faxiz\OneDrive\Bureau\HEIG-VD\Semestre6\MCR\PrepTE\MCR_PREP" value="true" />
        <entry key="C:\Users\faxiz\OneDrive\Bureau\HEIG-VD\Semestre6\MCR\TE1" value="true" />
        <entry key="C:\Users\faxiz\OneDrive\Bureau\HEIG-VD\Semestre6\PLP\Laboratoire\Laboratoire4 - Decaf\decaf-plp_wsi_jst_labo01" value="true" />
        <entry key="C:\Users\faxiz\OneDrive\Bureau\HEIG-VD\Semestre6\POA\Prep_Exa\Java\POA_GKL_22-23_TE2\untitled" value="true" />
        <entry key="C:\Users\faxiz\OneDrive\Bureau\HEIG-VD\Semestre6\POA\Prep_Exa\Java\POO2_PDO_19-20_TE2" value="true" />
        <entry key="C:\Users\faxiz\OneDrive\Bureau\HEIG-VD\Semestre6\POA\Prep_TE2\POO2_PDO_19-20_TE2" value="true" />
        <entry key="C:\Users\faxiz\OneDrive\Bureau\HEIG-VD\Semestre6\POA\Prep_TE2\TE2_Pisc" value="true" />
        <entry key="C:\Users\faxiz\OneDrive\Bureau\Nouveau dossier\MoneyConvertor\MoneyConvertor" value="true" />
        <entry key="C:\Users\faxiz\OneDrive\Bureau\Nouveau dossier\clientSMTP\untitled" value="true" />
        <entry key="C:\Users\faxiz\OneDrive\Bureau\Nouveau dossier\client_pr_ServSMTP" value="true" />
        <entry key="C:\Users\faxiz\OneDrive\Bureau\Nouveau dossier\serv_pr_ClientTCP\untitled" value="true" />
        <entry key="C:\Users\faxiz\OneDrive\Bureau\Obs_Chrono\Laboratoire1_Observateur" value="true" />
        <entry key="C:\Users\faxiz\OneDrive\Bureau\Poulailler" value="true" />
        <entry key="C:\Users\faxiz\OneDrive\Bureau\Prep_Exa_POO\POO1_ADC_19-20_TE1" value="true" />
        <entry key="C:\Users\faxiz\OneDrive\Bureau\Prep_Exa_POO\POO1_MGF_18-19_TE1" value="true" />
        <entry key="C:\Users\faxiz\OneDrive\Bureau\Prep_Exa_POO\POO_EXA_09-10" value="true" />
        <entry key="C:\Users\faxiz\OneDrive\Bureau\Prep_Exa_POO\POO_EXA_09-10_Bis" value="true" />
        <entry key="C:\Users\faxiz\OneDrive\Bureau\Prep_Exa_POO\POO_EXA_14-15" value="true" />
        <entry key="C:\Users\faxiz\OneDrive\Bureau\Prep_Exa_POO\POO_MGF_21-22_TE2" value="true" />
        <entry key="C:\Users\faxiz\OneDrive\Bureau\Prep_Exa_POO\POO_PDO_11-12_TE1" value="true" />
        <entry key="C:\Users\faxiz\OneDrive\Bureau\Prep_Exa_POO\POO_PDO_12-13_TE1" value="true" />
        <entry key="C:\Users\faxiz\OneDrive\Bureau\Prep_Exa_POO\POO_PDO_14-15_TE1" value="true" />
        <entry key="C:\Users\faxiz\OneDrive\Bureau\Prep_Exa_POO\POO_PDO_19-20_TE2" value="true" />
        <entry key="C:\Users\faxiz\OneDrive\Bureau\Prep_Exa_POO\POO_PDO_22-23_TE2" value="true" />
        <entry key="C:\Users\faxiz\OneDrive\Bureau\Prep_Exa_POO\POO_PDO_22-23_TE2_Bis" value="true" />
        <entry key="C:\Users\faxiz\OneDrive\Bureau\Prep_Exa_POO\POO_XXX_22-23_TE2" value="true" />
        <entry key="C:\Users\faxiz\OneDrive\Bureau\Prep_Exa_POO\Poulailler" value="true" />
        <entry key="C:\Users\faxiz\OneDrive\Bureau\Prep_Exa_POO\StarWars" value="true" />
        <entry key="C:\Users\faxiz\OneDrive\Bureau\Prep_Exa_POO\Test" value="true" />
        <entry key="C:\Users\faxiz\OneDrive\Bureau\Test\Poulet" value="true" />
        <entry key="C:\Users\faxiz\OneDrive\Bureau\Test\hgfds" value="true" />
        <entry key="C:\Users\faxiz\OneDrive\Bureau\Test\untitled" value="true" />
        <entry key="C:\Users\faxiz\OneDrive\Bureau\Test\untitled2" value="true" />
        <entry key="C:\Users\faxiz\OneDrive\Bureau\Test\untitled2_bis" value="true" />
        <entry key="C:\Users\faxiz\OneDrive\Bureau\Test\untitled3" value="true" />
        <entry key="C:\Users\faxiz\OneDrive\Bureau\Test\untitled_bis" value="true" />
        <entry key="C:\Users\faxiz\OneDrive\Bureau\Tmp\tmp" value="true" />
        <entry key="C:\Users\faxiz\OneDrive\Bureau\WSI_DAI_TE2\WSI_DAI_TE2" value="true" />
        <entry key="C:\Users\faxiz\OneDrive\Bureau\dai\untitled" value="true" />
        <entry key="C:\Users\faxiz\OneDrive\Bureau\mouss" value="true" />
        <entry key="C:\Users\faxiz\OneDrive\Bureau\test" value="true" />
        <entry key="C:\Users\faxiz\OneDrive\Bureau\test2" value="true" />
        <entry key="C:\Users\faxiz\OneDrive\Bureau\testDai\Test-TE" value="true" />
        <entry key="C:\Users\faxiz\OneDrive\Bureau\test_DAI\untitled" value="true" />
        <entry key="C:\Users\faxiz\OneDrive\Bureau\teste" value="true" />
      </map>
    </option>
  </component>
</application>