<application>
  <component name="DimensionService">
    <size key="GridCell.Tab.0.left.0.0.2560.1600@192dpi" width="2398" height="322" />
    <size key="GridCell.Tab.0.center.0.0.2560.1600@192dpi" width="2398" height="322" />
    <size key="GridCell.Tab.0.right.0.0.2560.1600@192dpi" width="2398" height="322" />
    <size key="GridCell.Tab.0.bottom.0.0.2560.1600@192dpi" width="2398" height="322" />
  </component>
  <component name="WindowManager">
    <frame x="-14" y="-14" width="2586" height="1546" extendedState="6" />
  </component>
  <component name="WindowStateApplicationService">
    <state x="421" y="129" key="FileChooserDialogImpl" timestamp="1724661238972">
      <screen x="0" y="0" width="1280" height="760" />
    </state>
    <state x="421" y="129" key="FileChooserDialogImpl/0.0.1280.760" timestamp="1724661238972" />
    <state x="640" y="382" width="1293" height="773" key="WELCOME_SCREEN" timestamp="1724661181095">
      <screen x="0" y="0" width="1280" height="760" />
    </state>
    <state x="640" y="382" width="1293" height="773" key="WELCOME_SCREEN/0.0.1280.760" timestamp="1724661181095" />
  </component>
</application>